{
    "mean": [
        0.4682777777777778,
        0.461833372816228,
        29.422198427910928,
        0.038247735794541264,
        0.08359757315658706,
        0.7875,
        1.879089291703464,
        2.450652122326523,
        0.13234105625140424,
        8.349222222222222,
        5.132357860631867,
        6.936478734198759
    ],
    "var": [
        0.248993700617284,
        0.24763175160300985,
        42.6272402409759,
        0.03642396511354886,
        0.07602804101153383,
        0.16734374999999999,
        0.9645712921346171,
        45.273393832488516,
        0.11405741981848276,
        9.39671050617284,
        0.9125973472777199,
        5.591590553646849
    ],
    "scale": [
        0.49899268593565976,
        0.4976261162790894,
        6.52895399286715,
        0.19085063561211646,
        0.2757318280712871,
        0.4090767042988393,
        0.9821259044209236,
        6.728550648727296,
        0.33772388103076567,
        3.065405439117775,
        0.955299611262205,
        2.3646544258404543
    ]
}