{
    "mean": [
        54.65024630541872,
        0.6600985221674877,
        1.0098522167487685,
        130.8128078817734,
        248.44827586206895,
        0.12807881773399016,
        149.6551724137931,
        0.33004926108374383
    ],
    "var": [
        80.95649008711689,
        0.2243684631997864,
        1.083646776189667,
        290.00436797786887,
        3011.4492950569047,
        0.11167463418185349,
        511.5067096993375,
        0.2211167463418186
    ],
    "scale": [
        8.997582457922622,
        0.4736754830047534,
        1.0409835619209686,
        17.029514613689635,
        54.87667350575201,
        0.3341775488895888,
        22.616514092568234,
        0.4702305246810532
    ]
}